station_name;mean_temperature
Amsterdam;10.2
Anchorage;2.8
Athens;19.2
Bangkok;28.6
Barcelona;18.2
Beijing;12.9
Berlin;10.3
Buenos Aires;17.9
Cairo;21.4
Cape Town;16.2
Chicago;9.8
Dakar;24.0
Delhi;25.0
Dubai;26.9
Dublin;9.8
Gdańsk;8.5
Hamburg;9.7
Helsinki;5.9
Hong Kong;23.3
Istanbul;13.9
Jakarta;26.7
Kraków;8.3
Lagos;26.8
Lima;19.2
Lisbon;17.5
London;11.3
Los Angeles;18.6
Madrid;15.0
Mexico City;17.5
Moscow;5.8
Mumbai;27.1
Nairobi;17.8
New York City;12.9
Oslo;5.7
Paris;12.3
Reykjavik;4.3
Rome;15.2
Sao Paulo;19.2
Seoul;12.5
Singapore;27.0
Stockholm;6.6
Sydney;17.7
Tokyo;15.4
Toronto;9.4
Vancouver;10.4
Vienna;10.4
Warsaw;8.5
Wrocław;9.1
Yakutsk;-8.8
